'avioque@ucm.es', 'avioque@ucm.es'
'bperez03@ucm.es', 'bperez03'
'coordinadorAM@ucm.es', 'coordinadorAM'
'coordinadorcomunicaciones1@ucm.es', 'coordinadorcomunicaciones1'
'coordinadorF2@ucm.es', 'coordinadorFII'
'coordinadorfisica1@ucm.es', 'coordinadorfisica1'
'coordinadormatematicas1@ucm.es', 'coordinadormatematicas1'
'coordinadormateriales1@ucm.es', 'coordinadormateriales1'
'esas@ucm.es', 'esas'
'igarcia@ucm.es', 'igarcia'
'jluimana@ucm.es', 'jluimana@ucm.es'
'jusanz02@ucm.es', 'jusanz02'
'magflechoso@ucm.es', 'magflechoso'
'mjrplaza@fis.ucm.es', 'mjrplaza'
'profesorcomunicaciones1@ucm.es', 'profesorcomunicaciones1'
'profesorfisica1@ucm.es', 'profesorfisica1'
'profesormatematicas1@ucm.es', 'profesormatematicas1'
'profesormateriales1@ucm.es', 'profesormateriales1'
'rafahern@ucm.es', 'rafahern'
'raqumoli@ucm.es', 'raqumoli'
'virginia@fdi.ucm.es', 'virginia'